{
  "sections": {
    "16636664434f380f4d": {
      "type": "image-banner",
      "blocks": {
        "1663666443be35eb92-0": {
          "type": "heading",
          "settings": {
            "heading": "Our Blog",
            "heading_size": "h0"
          }
        },
        "1663666443be35eb92-1": {
          "type": "text",
          "disabled": true,
          "settings": {
            "text": "",
            "text_style": "body"
          }
        },
        "1663666443be35eb92-2": {
          "type": "buttons",
          "disabled": true,
          "settings": {
            "button_label_1": "Button label",
            "button_link_1": "",
            "button_style_secondary_1": false,
            "button_label_2": "Button label",
            "button_link_2": "",
            "button_style_secondary_2": false
          }
        }
      },
      "block_order": [
        "1663666443be35eb92-0",
        "1663666443be35eb92-1",
        "1663666443be35eb92-2"
      ],
      "settings": {
        "image": "shopify:\/\/shop_images\/a-close-up-of-black-microphone.jpg",
        "image_overlay_opacity": 0,
        "image_height": "small",
        "adapt_height_first_image": false,
        "desktop_content_position": "middle-center",
        "show_text_box": false,
        "desktop_content_alignment": "center",
        "color_scheme": "background-1",
        "mobile_content_alignment": "center",
        "stack_images_on_mobile": true,
        "show_text_below": false
      }
    },
    "main": {
      "type": "main-blog",
      "settings": {
        "layout": "collage",
        "show_image": true,
        "image_height": "medium",
        "show_date": true,
        "show_author": true,
        "padding_top": 36,
        "padding_bottom": 36
      }
    }
  },
  "order": [
    "16636664434f380f4d",
    "main"
  ]
}
