{
  "sections": {
    "banner": {
      "type": "main-collection-banner",
      "disabled": true,
      "settings": {
        "show_collection_description": true,
        "show_collection_image": false,
        "color_scheme": "background-1"
      }
    },
    "166392858739ba276b": {
      "type": "image-banner",
      "blocks": {
        "166392858775e04505-0": {
          "type": "heading",
          "settings": {
            "heading": "Products",
            "heading_size": "h1"
          }
        }
      },
      "block_order": [
        "166392858775e04505-0"
      ],
      "settings": {
        "image": "shopify:\/\/shop_images\/business-people-walking-in-city.jpg",
        "image_overlay_opacity": 20,
        "image_height": "small",
        "adapt_height_first_image": false,
        "desktop_content_position": "middle-center",
        "show_text_box": false,
        "desktop_content_alignment": "center",
        "color_scheme": "background-1",
        "mobile_content_alignment": "center",
        "stack_images_on_mobile": true,
        "show_text_below": false
      }
    },
    "product-grid": {
      "type": "main-collection-product-grid",
      "settings": {
        "products_per_page": 16,
        "columns_desktop": 3,
        "image_ratio": "adapt",
        "show_secondary_image": true,
        "show_vendor": true,
        "show_rating": true,
        "enable_quick_add": false,
        "enable_filtering": true,
        "filter_type": "vertical",
        "enable_sorting": true,
        "columns_mobile": "2",
        "padding_top": 36,
        "padding_bottom": 36
      }
    }
  },
  "order": [
    "banner",
    "166392858739ba276b",
    "product-grid"
  ]
}
