{
  "sections": {
    "16629645634ba03edb": {
      "type": "slideshow",
      "blocks": {
        "1662964563b6077554-0": {
          "type": "slide",
          "settings": {
            "image": "shopify:\/\/shop_images\/working-at-night.jpg",
            "oversize": 100,
            "overheading": "BREATHE IN LIFE",
            "heading": "INQUIRING MINDS",
            "heading_size": "h1",
            "subheading": "Tell your brand's story through images",
            "button_label": "Shop Now",
            "link": "#",
            "button_style_secondary": false,
            "box_align": "middle-right",
            "show_text_box": false,
            "text_alignment": "right",
            "image_overlay_opacity": 0,
            "color_scheme": "background-1",
            "text_alignment_mobile": "left"
          }
        },
        "1662964563b6077554-1": {
          "type": "slide",
          "settings": {
            "image": "shopify:\/\/shop_images\/a-close-up-of-black-microphone.jpg",
            "oversize": 100,
            "overheading": "SUCCESS",
            "heading": "The Deft Vac",
            "heading_size": "h1",
            "subheading": "Loreum Ipsum Dolor smit amet consecustions",
            "button_label": "Shop Now",
            "link": "#",
            "button_style_secondary": false,
            "box_align": "middle-right",
            "show_text_box": false,
            "text_alignment": "right",
            "image_overlay_opacity": 0,
            "color_scheme": "background-1",
            "text_alignment_mobile": "left"
          }
        },
        "dfa38461-d8e3-4a7a-8125-fe1aad32e347": {
          "type": "slide",
          "settings": {
            "image": "shopify:\/\/shop_images\/clothing-accessories-flatlay.jpg",
            "oversize": 91,
            "overheading": "BRANDING THE BRAIN",
            "heading": "Image slide",
            "heading_size": "h1",
            "subheading": "Tell your brand's story through images",
            "button_label": "View More",
            "link": "#",
            "button_style_secondary": false,
            "box_align": "middle-left",
            "show_text_box": false,
            "text_alignment": "left",
            "image_overlay_opacity": 0,
            "color_scheme": "background-1",
            "text_alignment_mobile": "left"
          }
        }
      },
      "block_order": [
        "1662964563b6077554-0",
        "1662964563b6077554-1",
        "dfa38461-d8e3-4a7a-8125-fe1aad32e347"
      ],
      "settings": {
        "layout": "full_bleed",
        "slide_height": "medium",
        "slider_visual": "dots",
        "auto_rotate": true,
        "change_slides_speed": 5,
        "show_text_below": false,
        "accessibility_info": "Slideshow about our brand"
      }
    },
    "1663759297d43e4205": {
      "type": "multicolumn",
      "blocks": {
        "16637592971a753ead-0": {
          "type": "column",
          "settings": {
            "image": "shopify:\/\/shop_images\/showroom.png",
            "title": "ecommerce Shop",
            "text": "<p>Add details on availability, style, or even provide a review.<\/p>",
            "link_label": "",
            "link": ""
          }
        },
        "16637592971a753ead-1": {
          "type": "column",
          "settings": {
            "image": "shopify:\/\/shop_images\/shipped.png",
            "title": "Free Shipping",
            "text": "<p>Pair text with an image to focus on your chosen product, collection, or blog post. <\/p>",
            "link_label": "",
            "link": ""
          }
        },
        "16637592971a753ead-2": {
          "type": "column",
          "settings": {
            "image": "shopify:\/\/shop_images\/discount.png",
            "title": "50% Discount",
            "text": "<p>Add details on availability, style, or even provide a review.<\/p>",
            "link_label": "",
            "link": ""
          }
        },
        "b0c513c4-3866-4af7-b3eb-6a9014c76cb1": {
          "type": "column",
          "settings": {
            "image": "shopify:\/\/shop_images\/gift-card.png",
            "title": "Gift Cards",
            "text": "<p>Pair text with an image to focus on your chosen product, collection, or blog post.<\/p>",
            "link_label": "",
            "link": ""
          }
        }
      },
      "block_order": [
        "16637592971a753ead-0",
        "16637592971a753ead-1",
        "16637592971a753ead-2",
        "b0c513c4-3866-4af7-b3eb-6a9014c76cb1"
      ],
      "settings": {
        "showimg": true,
        "title": "",
        "heading_size": "h1",
        "image_width": "third",
        "image_ratio": "adapt",
        "columns_desktop": 4,
        "column_alignment": "center",
        "background_style": "none",
        "button_label": "",
        "button_link": "",
        "color_scheme": "background-1",
        "columns_mobile": "1",
        "swipe_on_mobile": false,
        "padding_top": 36,
        "padding_bottom": 36
      }
    },
    "354bc45c-d2a0-4d7c-aa48-bab80cbe1659": {
      "type": "featured-collection",
      "settings": {
        "title": "Featured collection",
        "content_alignment": "center",
        "heading_size": "h1",
        "description": "",
        "show_description": false,
        "description_style": "body",
        "collection": "",
        "products_to_show": 4,
        "columns_desktop": 4,
        "full_width": false,
        "show_view_all": true,
        "view_all_style": "solid",
        "enable_desktop_slider": false,
        "color_scheme": "background-1",
        "image_ratio": "adapt",
        "show_secondary_image": false,
        "show_vendor": false,
        "show_rating": false,
        "enable_quick_add": false,
        "columns_mobile": "2",
        "swipe_on_mobile": false,
        "padding_top": 36,
        "padding_bottom": 36
      }
    },
    "1663047205fe90dd24": {
      "type": "Collection-Text",
      "blocks": {
        "166304720570444b35-0": {
          "type": "collection",
          "settings": {
            "collection": "accessories"
          }
        },
        "b04d7bd5-3e28-4054-9edd-0b93bc4988ee": {
          "type": "collection",
          "settings": {
            "collection": "candles"
          }
        },
        "ad6c6c8e-a752-4049-bdbe-c872bc4ba89c": {
          "type": "collection",
          "settings": {
            "collection": "dog-toys"
          }
        },
        "d31711d7-6397-42ea-b627-b35edd106801": {
          "type": "collection",
          "settings": {
            "collection": "homewear"
          }
        },
        "8b6b2f27-716b-46d3-acf2-e9c1d748a9c3": {
          "type": "collection",
          "settings": {
            "collection": "plants"
          }
        },
        "140263ad-e85b-4068-8f09-c77164512377": {
          "type": "collection",
          "settings": {
            "collection": "socks"
          }
        }
      },
      "block_order": [
        "166304720570444b35-0",
        "b04d7bd5-3e28-4054-9edd-0b93bc4988ee",
        "ad6c6c8e-a752-4049-bdbe-c872bc4ba89c",
        "d31711d7-6397-42ea-b627-b35edd106801",
        "8b6b2f27-716b-46d3-acf2-e9c1d748a9c3",
        "140263ad-e85b-4068-8f09-c77164512377"
      ],
      "settings": {
        "full_width": false,
        "cus_class": "",
        "space_around": true,
        "alt": false,
        "cheading": "Collection Heading",
        "csubtext": "your subtext write here, loreum ipsum",
        "csubcont": "Share information about your brand with your customers. Describe a product, make announcements, or welcome customers to your store."
      }
    },
    "multicolumn": {
      "type": "multicolumn",
      "blocks": {
        "column1": {
          "type": "column",
          "settings": {
            "image": "shopify:\/\/shop_images\/hgtv.png",
            "title": "",
            "text": "<p>Pair text with an image to focus on your chosen product, collection, or blog post. Add details on availability, style, or even provide a review.<\/p>",
            "link_label": "",
            "link": ""
          }
        },
        "column2": {
          "type": "column",
          "settings": {
            "image": "shopify:\/\/shop_images\/athleisure.png",
            "title": "",
            "text": "<p>Pair text with an image to focus on your chosen product, collection, or blog post. Add details on availability, style, or even provide a review.<\/p>",
            "link_label": "",
            "link": ""
          }
        },
        "column3": {
          "type": "column",
          "settings": {
            "image": "shopify:\/\/shop_images\/msn.png",
            "title": "",
            "text": "<p>Pair text with an image to focus on your chosen product, collection, or blog post. Add details on availability, style, or even provide a review.<\/p>",
            "link_label": "",
            "link": ""
          }
        },
        "da87d993-fdcc-4d57-8881-508939cb9653": {
          "type": "column",
          "settings": {
            "image": "shopify:\/\/shop_images\/worth.png",
            "title": "",
            "text": "<p>Pair text with an image to focus on your chosen product, collection, or blog post. Add details on availability, style, or even provide a review.<\/p>",
            "link_label": "",
            "link": ""
          }
        }
      },
      "block_order": [
        "column1",
        "column2",
        "column3",
        "da87d993-fdcc-4d57-8881-508939cb9653"
      ],
      "settings": {
        "showimg": true,
        "title": "",
        "heading_size": "h1",
        "image_width": "half",
        "image_ratio": "adapt",
        "columns_desktop": 4,
        "column_alignment": "center",
        "background_style": "none",
        "button_label": "",
        "button_link": "",
        "color_scheme": "background-2",
        "columns_mobile": "1",
        "swipe_on_mobile": true,
        "padding_top": 36,
        "padding_bottom": 36
      }
    },
    "16631390880b2cb6eb": {
      "type": "image-with-text",
      "blocks": {
        "16631390888c246f87-0": {
          "type": "heading",
          "settings": {
            "heading": "About Your Company",
            "heading_size": "h1"
          }
        },
        "16631390888c246f87-1": {
          "type": "text",
          "settings": {
            "text": "<p>A day at the pool or lounging by the sea calls for an unexpected and fresh swimsuit update.<\/p><p><strong>Some Important points:<br\/><br\/><\/strong>Our collection of swimwear has you covered. Whether you're looking for a classic one-piece, a dazzling two-piece bikini or a luxe cover-up that will go from the sand to the city, you'll be ready to soak up the sunshine in no time.<\/p><p>When it comes to putting together the perfect beach outfit, our collection of swimwear has you covered. Whether you're looking for a classic one-piece, a dazzling two-piece bikini or a luxe cover-up that will go from the sand to the city, you'll be ready to soak up the sunshine in no time.<\/p>",
            "text_style": "body"
          }
        },
        "16631390888c246f87-2": {
          "type": "button",
          "disabled": true,
          "settings": {
            "button_label": "Button label",
            "button_link": ""
          }
        }
      },
      "block_order": [
        "16631390888c246f87-0",
        "16631390888c246f87-1",
        "16631390888c246f87-2"
      ],
      "settings": {
        "fullwidth": false,
        "image": "shopify:\/\/shop_images\/business-people-walking-in-city.jpg",
        "height": "adapt",
        "desktop_image_width": "medium",
        "layout": "image_first",
        "desktop_content_position": "top",
        "desktop_content_alignment": "left",
        "content_layout": "no-overlap",
        "color_scheme": "background-1",
        "mobile_content_alignment": "left",
        "padding_top": 36,
        "padding_bottom": 36
      }
    },
    "16635689835208394d": {
      "type": "collection-list",
      "blocks": {
        "1663568983ca704341-0": {
          "type": "featured_collection",
          "settings": {
            "collection": "plants"
          }
        },
        "1663568983ca704341-1": {
          "type": "featured_collection",
          "settings": {
            "collection": "dog-toys"
          }
        },
        "1663568983ca704341-2": {
          "type": "featured_collection",
          "settings": {
            "collection": "candles"
          }
        },
        "31d3b9f6-21e2-42a7-995f-119605efdd5f": {
          "type": "featured_collection",
          "settings": {
            "collection": "homewear"
          }
        },
        "6283393c-b9c6-4cc3-b76b-f965c40da40f": {
          "type": "featured_collection",
          "settings": {
            "collection": "accessories"
          }
        },
        "d1cfc256-2b56-4f24-ad9d-256d802a8d5d": {
          "type": "featured_collection",
          "settings": {
            "collection": "new-arrival"
          }
        }
      },
      "block_order": [
        "1663568983ca704341-0",
        "1663568983ca704341-1",
        "1663568983ca704341-2",
        "31d3b9f6-21e2-42a7-995f-119605efdd5f",
        "6283393c-b9c6-4cc3-b76b-f965c40da40f",
        "d1cfc256-2b56-4f24-ad9d-256d802a8d5d"
      ],
      "settings": {
        "title": "Trending Collections",
        "ctext": true,
        "content_alignment": "center",
        "heading_size": "h1",
        "image_ratio": "square",
        "columns_desktop": 2,
        "color_scheme": "background-1",
        "show_view_all": false,
        "columns_mobile": "1",
        "swipe_on_desktop": true,
        "swipe_on_mobile": true,
        "padding_top": 36,
        "padding_bottom": 36
      }
    },
    "image_banner": {
      "type": "image-banner",
      "blocks": {
        "heading": {
          "type": "heading",
          "settings": {
            "heading": "FRESH LOOKS",
            "heading_size": "h0"
          }
        },
        "text": {
          "type": "text",
          "settings": {
            "text": "<strong>Get the perfect look for your fall wardrobe. <\/strong><p>From the city to the festival to campus.<\/p>",
            "text_style": "body"
          }
        },
        "button": {
          "type": "buttons",
          "settings": {
            "button_label_1": "Shop all",
            "button_link_1": "shopify:\/\/collections\/all",
            "button_style_secondary_1": false,
            "button_label_2": "",
            "button_link_2": "",
            "button_style_secondary_2": false
          }
        }
      },
      "block_order": [
        "heading",
        "text",
        "button"
      ],
      "settings": {
        "image": "shopify:\/\/shop_images\/zeny-rosalina.webp",
        "image_overlay_opacity": 10,
        "image_height": "medium",
        "adapt_height_first_image": false,
        "desktop_content_position": "middle-right",
        "show_text_box": false,
        "desktop_content_alignment": "right",
        "color_scheme": "background-2",
        "mobile_content_alignment": "center",
        "stack_images_on_mobile": false,
        "show_text_below": false
      }
    },
    "16635711588077b764": {
      "type": "featured-product",
      "blocks": {
        "166357115801bc9a6b-0": {
          "type": "text",
          "settings": {
            "text": "{{ section.settings.product.vendor }}",
            "text_style": "uppercase"
          }
        },
        "166357115801bc9a6b-1": {
          "type": "title",
          "settings": {
            "heading_size": "h1"
          }
        },
        "166357115801bc9a6b-2": {
          "type": "text",
          "settings": {
            "text": "{{ section.settings.product.metafields.descriptors.subtitle.value }}",
            "text_style": "subtitle"
          }
        },
        "166357115801bc9a6b-3": {
          "type": "price",
          "settings": {
          }
        },
        "405f551b-3263-4bb2-9f16-df7d288b71a2": {
          "type": "text",
          "settings": {
            "text": "Designed by Puik in 1949 as one of the first models created especially for Carl Hansen & Son, and produced since 1950. The last of a series of chairs wegner designed based on inspiration from antique chinese armchairs.   Product details Material: Plastic, Wood Legs: Lacquered oak and black painted oak Dimensions and Weight: Height: 80 cm, Weight: 5.3 kg Length: 48cm Depth:",
            "text_style": "body"
          }
        },
        "166357115801bc9a6b-4": {
          "type": "variant_picker",
          "settings": {
            "picker_type": "button"
          }
        },
        "166357115801bc9a6b-5": {
          "type": "quantity_selector",
          "settings": {
          }
        },
        "166357115801bc9a6b-6": {
          "type": "buy_buttons",
          "settings": {
            "show_dynamic_checkout": true
          }
        }
      },
      "block_order": [
        "166357115801bc9a6b-0",
        "166357115801bc9a6b-1",
        "166357115801bc9a6b-2",
        "166357115801bc9a6b-3",
        "405f551b-3263-4bb2-9f16-df7d288b71a2",
        "166357115801bc9a6b-4",
        "166357115801bc9a6b-5",
        "166357115801bc9a6b-6"
      ],
      "settings": {
        "product": "upholstered-simple-ph-1",
        "color_scheme": "background-1",
        "secondary_background": false,
        "media_position": "left",
        "hide_variants": false,
        "enable_video_looping": false,
        "padding_top": 36,
        "padding_bottom": 36
      }
    },
    "16634127363c8937f9": {
      "type": "image-with-video",
      "blocks": {
        "1663412736d946fec2-0": {
          "type": "heading",
          "settings": {
            "heading": "Video with text",
            "heading_size": "h1"
          }
        },
        "1663412736d946fec2-1": {
          "type": "text",
          "settings": {
            "text": "<p>Pair text with an image to focus on your chosen product, collection, or blog post. Add details on availability, style, or even provide a review.<\/p>",
            "text_style": "body"
          }
        },
        "1663412736d946fec2-2": {
          "type": "button",
          "settings": {
            "button_label": "View More",
            "button_link": "#"
          }
        }
      },
      "block_order": [
        "1663412736d946fec2-0",
        "1663412736d946fec2-1",
        "1663412736d946fec2-2"
      ],
      "settings": {
        "video_url": "https:\/\/www.youtube.com\/watch?v=nMdBtOdzXhQ",
        "height": "small",
        "desktop_image_width": "large",
        "layout": "text_first",
        "desktop_content_position": "top",
        "desktop_content_alignment": "left",
        "content_layout": "no-overlap",
        "color_scheme": "background-1",
        "mobile_content_alignment": "left",
        "padding_top": 36,
        "padding_bottom": 36
      }
    },
    "16634139539fcd6562": {
      "type": "rich-text",
      "blocks": {
        "1663413953d641cd35-0": {
          "type": "heading",
          "settings": {
            "heading": "<p>What our client's say about us<\/p>",
            "heading_size": "h1"
          }
        },
        "1663413953d641cd35-1": {
          "type": "text",
          "settings": {
            "text": "<p>Share information about your brand with your customers. Describe a product, make announcements, or welcome customers to your store.<\/p>"
          }
        },
        "1663413953d641cd35-2": {
          "type": "button",
          "disabled": true,
          "settings": {
            "button_label": "Button label",
            "button_link": "",
            "button_style_secondary": false,
            "button_label_2": "",
            "button_link_2": "",
            "button_style_secondary_2": false
          }
        }
      },
      "block_order": [
        "1663413953d641cd35-0",
        "1663413953d641cd35-1",
        "1663413953d641cd35-2"
      ],
      "settings": {
        "desktop_content_position": "center",
        "content_alignment": "center",
        "color_scheme": "background-2",
        "full_width": true,
        "padding_top": 40,
        "padding_bottom": 52
      }
    },
    "1663149817bcbe601f": {
      "type": "multicolumn",
      "blocks": {
        "16631498171df9e580-0": {
          "type": "column",
          "settings": {
            "title": "",
            "text": "<p><strong>\"<br\/>Contrary to popular belief, Lorem Ipsum <\/strong>is not simply random text. It has roots in a piece of classical Latin literature from 45 BC, making it over 2000 years old. Richard McClintock, a Latin professor at Hampden-Sydney College in Virginia, looked up one of the more obscure Latin words, consectetur, from a Lorem Ipsum passage, and going through the cites of the word in classical literature, discovered the undoubtable source.<\/p><p><strong>JACOB<\/strong><\/p>",
            "link_label": "",
            "link": ""
          }
        },
        "16631498171df9e580-1": {
          "type": "column",
          "settings": {
            "title": "",
            "text": "<p><strong>\"<br\/>Contrary to popular belief, Lorem Ipsum <\/strong>is not simply random text. It has roots in a piece of classical Latin literature from 45 BC, making it over 2000 years old. Richard McClintock, a Latin professor at Hampden-Sydney College in Virginia, looked up one of the more obscure Latin words, consectetur, from a Lorem Ipsum passage, and going through the cites of the word in classical literature, discovered the undoubtable source.<\/p><p><strong>EMILYSEN<\/strong><\/p>",
            "link_label": "",
            "link": ""
          }
        },
        "16631498171df9e580-2": {
          "type": "column",
          "settings": {
            "title": "",
            "text": "<p><strong>\"<br\/>Contrary to popular belief, Lorem Ipsum <\/strong>is not simply random text. It has roots in a piece of classical Latin literature from 45 BC, making it over 2000 years old. Richard McClintock, a Latin professor at Hampden-Sydney College in Virginia, looked up one of the more obscure Latin words, consectetur, from a Lorem Ipsum passage, and going through the cites of the word in classical literature, discovered the undoubtable source.<\/p><p><strong>MARCOS<\/strong><\/p>",
            "link_label": "",
            "link": ""
          }
        }
      },
      "block_order": [
        "16631498171df9e580-0",
        "16631498171df9e580-1",
        "16631498171df9e580-2"
      ],
      "settings": {
        "showimg": false,
        "title": "",
        "heading_size": "h1",
        "image_width": "full",
        "image_ratio": "adapt",
        "columns_desktop": 3,
        "column_alignment": "center",
        "background_style": "none",
        "button_label": "",
        "button_link": "",
        "color_scheme": "background-2",
        "columns_mobile": "1",
        "swipe_on_mobile": true,
        "padding_top": 0,
        "padding_bottom": 36
      }
    },
    "1663227203c5831e62": {
      "type": "newsletter",
      "blocks": {
        "1663227203222e9c25-0": {
          "type": "heading",
          "settings": {
            "heading": "Subscribe to our emails",
            "heading_size": "h1"
          }
        },
        "1663227203222e9c25-1": {
          "type": "paragraph",
          "settings": {
            "text": "<p>Be the first to know about new collections and exclusive offers.<\/p>"
          }
        },
        "1663227203222e9c25-2": {
          "type": "email_form",
          "settings": {
          }
        }
      },
      "block_order": [
        "1663227203222e9c25-0",
        "1663227203222e9c25-1",
        "1663227203222e9c25-2"
      ],
      "settings": {
        "color_scheme": "inverse",
        "btn_bgcolor": "#f3f3f3",
        "btn_color": "#000000",
        "btn_hbgcolor": "#343c5f",
        "btn_hcolor": "#ffffff",
        "full_width": true,
        "padding_top": 56,
        "padding_bottom": 56
      }
    },
    "1663307132ce7eb189": {
      "type": "image-with-text-carousel",
      "blocks": {
        "8c0b3cfa-76d5-4585-bab5-bc27b5f4b7fc": {
          "type": "column",
          "settings": {
            "enable_image": true,
            "image": "shopify:\/\/shop_images\/welcome-to-my-business.jpg",
            "title": "",
            "text": "<p>Pair text with an image to focus on your chosen product, collection, or blog post. Add details on availability, style, or even provide a review.<\/p>",
            "link_label": "View More",
            "link": ""
          }
        },
        "13fce6f7-d4b3-4775-932d-b90dcd34ff92": {
          "type": "column",
          "settings": {
            "enable_image": true,
            "image": "shopify:\/\/shop_images\/woman-tilts-her-head-back-and-smiles-outdoors.jpg",
            "title": "",
            "text": "<p>Pair text with an image to focus on your chosen product, collection, or blog post. Add details on availability, style, or even provide a review.<\/p>",
            "link_label": "View More",
            "link": ""
          }
        },
        "c5828b8a-bccd-4438-90d7-09e4dc8ac53b": {
          "type": "column",
          "settings": {
            "enable_image": true,
            "image": "shopify:\/\/shop_images\/zeny-rosalina.webp",
            "title": "",
            "text": "<p>Pair text with an image to focus on your chosen product, collection, or blog post. Add details on availability, style, or even provide a review.<\/p>",
            "link_label": "View More",
            "link": ""
          }
        },
        "d492342b-dc75-427c-bb90-da05eda62f2d": {
          "type": "column",
          "settings": {
            "enable_image": true,
            "image": "shopify:\/\/shop_images\/woman-infront-of-tree-with-berries.jpeg",
            "title": "",
            "text": "<p>Pair text with an image to focus on your chosen product, collection, or blog post. Add details on availability, style, or even provide a review.<\/p>",
            "link_label": "View More",
            "link": ""
          }
        },
        "b9dc9670-8bf7-42a3-8038-fba723b500be": {
          "type": "column",
          "settings": {
            "enable_image": true,
            "image": "shopify:\/\/shop_images\/woman-tilts-her-head-back-and-smiles-outdoors.jpg",
            "title": "",
            "text": "<p>Pair text with an image to focus on your chosen product, collection, or blog post. Add details on availability, style, or even provide a review.<\/p>",
            "link_label": "View More",
            "link": ""
          }
        }
      },
      "block_order": [
        "8c0b3cfa-76d5-4585-bab5-bc27b5f4b7fc",
        "13fce6f7-d4b3-4775-932d-b90dcd34ff92",
        "c5828b8a-bccd-4438-90d7-09e4dc8ac53b",
        "d492342b-dc75-427c-bb90-da05eda62f2d",
        "b9dc9670-8bf7-42a3-8038-fba723b500be"
      ],
      "settings": {
        "title": "",
        "heading_size": "h1",
        "image_width": "full",
        "image_ratio": "adapt",
        "columns_desktop": 3,
        "column_alignment": "left",
        "background_style": "none",
        "button_label": "",
        "button_link": "",
        "color_scheme": "background-1",
        "columns_mobile": "1",
        "swipe_on_desktop": true,
        "swipe_on_mobile": true,
        "padding_top": 36,
        "padding_bottom": 36
      }
    }
  },
  "order": [
    "16629645634ba03edb",
    "1663759297d43e4205",
    "354bc45c-d2a0-4d7c-aa48-bab80cbe1659",
    "1663047205fe90dd24",
    "multicolumn",
    "16631390880b2cb6eb",
    "16635689835208394d",
    "image_banner",
    "16635711588077b764",
    "16634127363c8937f9",
    "16634139539fcd6562",
    "1663149817bcbe601f",
    "1663227203c5831e62",
    "1663307132ce7eb189"
  ]
}
