{
  "sections": {
    "main": {
      "type": "main-page",
      "disabled": true,
      "settings": {
        "padding_top": 36,
        "padding_bottom": 36
      }
    },
    "1663917944eaeef1b1": {
      "type": "image-banner",
      "blocks": {
        "16639179447e56f458-0": {
          "type": "heading",
          "settings": {
            "heading": "Contact Us",
            "heading_size": "h1"
          }
        }
      },
      "block_order": [
        "16639179447e56f458-0"
      ],
      "settings": {
        "image": "shopify:\/\/shop_images\/a-close-up-of-black-microphone.jpg",
        "image_overlay_opacity": 0,
        "image_height": "small",
        "adapt_height_first_image": false,
        "desktop_content_position": "middle-center",
        "show_text_box": false,
        "desktop_content_alignment": "center",
        "color_scheme": "background-1",
        "mobile_content_alignment": "center",
        "stack_images_on_mobile": true,
        "show_text_below": true
      }
    },
    "166391400655e644c1": {
      "type": "rich-text",
      "blocks": {
        "1663914006a96671ff-0": {
          "type": "heading",
          "settings": {
            "heading": "<p>Get In Touch<\/p>",
            "heading_size": "h0"
          }
        },
        "1663914006a96671ff-1": {
          "type": "text",
          "settings": {
            "text": "<p>Share information about your brand with your customers. Describe a product, make announcements, or welcome customers to your store.<\/p>"
          }
        }
      },
      "block_order": [
        "1663914006a96671ff-0",
        "1663914006a96671ff-1"
      ],
      "settings": {
        "desktop_content_position": "center",
        "content_alignment": "center",
        "color_scheme": "background-1",
        "full_width": true,
        "padding_top": 40,
        "padding_bottom": 52
      }
    },
    "form": {
      "type": "contact-form",
      "settings": {
        "heading": "Get In Touch",
        "icolor": "#f3f3f3",
        "heading_size": "h1",
        "color_scheme": "background-1",
        "padding_top": 36,
        "padding_bottom": 36
      }
    },
    "1663914051d67a8372": {
      "type": "text-with-contact-form",
      "settings": {
        "chead": "Feel free to reach us",
        "csubhead": "<p><strong>Fill the form to email us<\/strong><br\/>We are happy to help you with all you queries. Please fill the contact form below so we can assist you.<\/p>",
        "cbtn": "",
        "cbtnl": "",
        "heading": "",
        "chead_size": "h2",
        "flex": "row",
        "icolor": "#f3f3f3",
        "tcolor": "#121212",
        "heading_size": "h2",
        "color_scheme": "background-1",
        "padding_top": 36,
        "padding_bottom": 36
      }
    },
    "1663916936fed7e765": {
      "type": "custom-html",
      "settings": {
        "custom_liquid": "<iframe src=\"https:\/\/www.google.com\/maps\/embed?pb=!1m14!1m8!1m3!1d27443.33127464833!2d76.687775!3d30.706692000000004!3m2!1i1024!2i768!4f13.1!3m3!1m2!1s0x0%3A0x5754497e25fce087!2sDeftSkill!5e0!3m2!1sen!2sin!4v1663916749107!5m2!1sen!2sin\" width=\"100%\" height=\"450\" style=\"border:0;\" allowfullscreen=\"\" loading=\"lazy\" referrerpolicy=\"no-referrer-when-downgrade\"><\/iframe>",
        "color_scheme": "background-1",
        "padding_top": 0,
        "padding_bottom": 0
      }
    }
  },
  "order": [
    "main",
    "1663917944eaeef1b1",
    "166391400655e644c1",
    "form",
    "1663914051d67a8372",
    "1663916936fed7e765"
  ]
}
